{"files/images/.DS_Store":["files/images/.DS_Store"],"files/images/NR10.png":["files/images/NR10.png"],"files/images/NR35.png":["files/images/NR35.png"],"files/images/bancos.png":["files/images/bancos.png"],"files/images/bruno.jpg":["files/images/bruno.jpg"],"files/images/ceir.jpg":["files/images/ceir.jpg"],"files/images/clientes.png":["files/images/clientes.png"],"files/images/creditos.png":["files/images/creditos.png"],"files/images/diego.jpg":["files/images/diego.jpg"],"files/images/ferias.png":["files/images/ferias.png"],"files/images/icone.png":["files/images/icone.png"],"files/images/instagram.png":["files/images/instagram.png"],"files/images/logo_chumbo.png":["files/images/logo_chumbo.png"],"files/images/site.png":["files/images/site.png"],"files/images/sustentabilidade.png":["files/images/sustentabilidade.png"],"files/images/valorizacao_imovel.png":["files/images/valorizacao_imovel.png"],"packages/cupertino_icons/assets/CupertinoIcons.ttf":["packages/cupertino_icons/assets/CupertinoIcons.ttf"]}